<odoo>
    <data>
            <!--Categoria de transporte-->
        <record id="module_category_caa_transporte" model="ir.module.category">
            <field name="name">CAA Transporte</field>
            <field name="description">Categoria Transporte</field>
            <field name="sequence">20</field>
        </record>

        <!--Grupo Usuario-->
        <record id="group_caa_transporte_user" model="res.groups">
            <field name="name">Usuario Transporte</field>
            <field name="category_id" ref="module_category_caa_transporte"/>
            <field name="comment">Usuarios</field>
        </record>

        <!--Grupo Manager-->
        <record id="group_caa_transporte_manager" model="res.groups">
            <field name="name">Gerente Transporte</field>
            <field name="category_id" ref="module_category_caa_transporte"/>
            <field name="implied_ids" eval="[(4, ref('group_caa_transporte_user'))]"/>
            <field name="comment">Gerentes</field>
        </record>
    </data>
</odoo>
