id,name,model_id:id,group_id:id,perm_read,perm_write,perm_create,perm_unlink
access_caa_transporte_camion,caa_transporte.camion,model_caa_transporte_camion,base.group_user,1,1,1,1
access_caa_transporte_remolque,caa_transporte.remolque,model_caa_transporte_remolque,base.group_user,1,1,1,1
access_caa_transporte_aviso_revision,caa_transporte.aviso_revision,model_caa_transporte_aviso_revision,base.group_user,1,1,1,1
access_caa_transporte_reparacion,caa_transporte.reparacion,model_caa_transporte_reparacion,base.group_user,1,1,1,1
access_caa_transporte_camion_user,caa_transporte.camion.user,model_caa_transporte_camion,group_caa_transporte_user,1,1,1,0
access_caa_transporte_camion_manager,caa_transporte.camion.manager,model_caa_transporte_camion,group_caa_transporte_manager,1,1,1,1
access_caa_transporte_remolque_user,caa_transporte.remolque.user,model_caa_transporte_remolque,group_caa_transporte_user,1,1,1,0
access_caa_transporte_remolque_manager,caa_transporte.remolque.manager,model_caa_transporte_remolque,group_caa_transporte_manager,1,1,1,1
access_caa_transporte_aviso_revision_user,caa_transporte.aviso_revision.user,model_caa_transporte_aviso_revision,group_caa_transporte_user,1,1,1,0
access_caa_transporte_aviso_revision_manager,caa_transporte.aviso_revision.manager,model_caa_transporte_aviso_revision,group_caa_transporte_manager,1,1,1,1
access_caa_transporte_reparacion_user,caa_transporte.reparacion.user,model_caa_transporte_reparacion,group_caa_transporte_user,1,1,1,0
access_caa_transporte_reparacion_manager,caa_transporte.reparacion.manager,model_caa_transporte_reparacion,group_caa_transporte_manager,1,1,1,1