<odoo>
    <!--Datos Remolques-->
    <record id="demo_remolque_1" model="caa_transporte.remolque">
        <field name="name">Remolque A</field>
        <field name="modelo">Schmitz</field>
        <field name="matricula">RM1234</field>
    </record>

    <!--Datos Camiones-->
    <record id="demo_camion_1" model="caa_transporte.camion">
        <field name="nombre">Transportista A</field>
        <field name="modelo">Volvo FH16</field>
        <field name="matricula">ABC1234</field>
        <field name="kilometros">120000</field>
        <field name="remolque_ids" eval="[(4, ref('demo_remolque_1'))]"/>
        <field name="coste_total_reparaciones" eval="500"/>
    </record>

    <record id="demo_camion_2" model="caa_transporte.camion">
        <field name="nombre">Transportista B</field>
        <field name="modelo">Scania R580</field>
        <field name="matricula">XYZ5678</field>
        <field name="kilometros">200000</field>
        <field name="coste_total_reparaciones" eval="1200"/>
    </record>

    <record id="demo_camion_3" model="caa_transporte.camion">
        <field name="nombre">Transportista C</field>
        <field name="modelo">MAN TGX</field>
        <field name="matricula">LMN8765</field>
        <field name="kilometros">150000</field>
        <field name="coste_total_reparaciones" eval="150"/>
    </record>

    <!--Action Camiones-->
    <record id="action_camion" model="ir.actions.act_window">
        <field name="name">Camiones</field>
        <field name="res_model">caa_transporte.camion</field>
        <field name="view_mode">tree,form</field>
    </record>

    <!--Datos Revisiones-->
    <record id="aviso_revision_1" model="caa_transporte.aviso_revision">
        <field name="name">Revision preventiva de frenos</field>
        <field name="camion_id" ref="demo_camion_1"/>
        <field name="fecha">2025-02-01</field>
        <field name="kilometros">15000</field>
    </record>

    <record id="aviso_revision_2" model="caa_transporte.aviso_revision">
        <field name="name">Revision de aceite y filtros</field>
        <field name="camion_id" ref="demo_camion_2"/>
        <field name="fecha">2025-03-01</field>
        <field name="kilometros">18000</field>
    </record>

    <record id="aviso_revision_3" model="caa_transporte.aviso_revision">
        <field name="name">Revision general</field>
        <field name="camion_id" ref="demo_camion_3"/>
        <field name="fecha">2025-04-01</field>
        <field name="kilometros">20000</field>
    </record>

    <!--Datos Reparaciones-->
    <record id="reparacion_1" model="caa_transporte.reparacion">
        <field name="name">Reemplazo de frenos</field>
        <field name="camion_id" ref="demo_camion_1"/>
        <field name="fecha">2025-02-10</field>
        <field name="coste">500</field>
    </record>

    <record id="reparacion_2" model="caa_transporte.reparacion">
        <field name="name">Reparacion del motor</field>
        <field name="camion_id" ref="demo_camion_2"/>
        <field name="fecha">2025-03-15</field>
        <field name="coste">1200</field>
    </record>

    <record id="reparacion_3" model="caa_transporte.reparacion">
        <field name="name">Cambio de aceite y filtros</field>
        <field name="camion_id" ref="demo_camion_3"/>
        <field name="fecha">2025-04-20</field>
        <field name="coste">150</field>
    </record>
</odoo>
